text_preview,gold_labels,baseline_pred,exact_match,missed,spurious
Great place to dine..... The sushis are awesome and the ambience is the best you can get.... dj plays some nice tracks staff is corteous Deepak helped me in sel,"ambience,service","ambience,delivery,service",False,,delivery
"Absolutely Delightful Experience at NEO WELCOME!

We had an amazing time dining at NEO WELCOME. We tried the Mysore Masala Cheese Dosa, and it was simply wow — ","ambience,food_quality,service","food_quality,portion,service",False,ambience,portion
"Let me begin by saying this place is in a nice location and thats all which is nice about it.
Based on ratings and a few recommendations we visited the place la","food_quality,hygiene,service","delivery,food_quality,hygiene,service",False,,delivery
Visited the oshiwara yokos after a decade & I must say that the quality & quantity of the sizzlers is as good as before. We ordered Steak sizzler & Veg exotica ,"food_quality,portion,service","delivery,portion,service",False,food_quality,delivery
I ordered food online but I wish I went there so that I could’ve had more dishes. The food was totally delicious and their packaging is worth the money. I had L,"delivery,food_quality,portion","delivery,food_quality,portion,price",False,,price
Very bad experience. Pizza base and momo was uncooked but when we made it notice by staff they simply wave it off and ignorant after visual proof. Not at all up,"food_quality,service",service,False,food_quality,
"Kirti Mahal at Paachrasta, Mulund, is a delightful pure veg restaurant that offers an exceptional dining experience. The restaurant's ambiance is cozy, with sep","ambience,food_quality,hygiene,service","ambience,delivery,food_quality,hygiene,service,variety",False,,"delivery,variety"
The food taste amazing and the quality of food is good! The quantity is good in cheap price! Soo Highly suggest you all to order from MAP!!!,"food_quality,portion,price","delivery,food_quality,portion,price",False,,delivery
